num_rooms,num_people,housearea,is_ac,is_tv,is_flat,ave_monthly_income,num_children,is_urban,amount_paid
3,3,742.57,1,1,1,9675.93,2,0,70.0601808625
1,5,952.99,0,1,0,35064.79,1,1,79.160459825
3,1,761.44,1,1,1,22292.44,0,0,63.9848946
0,5,861.32,1,1,0,12139.08,0,0,41.6240044125
1,8,731.61,0,1,0,17230.1,2,1,82.285703125
0,5,837.24,0,1,1,24661.81,2,1,99.1552932
4,5,679.04,0,1,0,28184.43,1,1,71.2978556375
3,4,1044.65,0,0,1,16912.69,2,1,73.1756499625
2,4,713.9,1,0,0,26058.28,0,1,81.6501085625
1,6,734.43,0,0,0,22545.5,2,1,75.75189225
2,6,742.69,0,1,0,15670.76,0,0,27.8418177
1,6,924.04,1,1,0,22527.33,0,1,75.7729970375
0,3,776.62,0,1,0,32341.3,0,1,66.034805925
2,4,990.59,0,1,1,13084.35,0,1,77.797739675
2,7,870.61,0,1,0,31430.75,1,1,94.5814619875
1,5,747.02,0,1,0,28595.98,0,1,58.8910545875
3,5,699.01,0,0,1,44997.0,3,0,57.355359925
2,8,932.84,1,1,0,30009.93,1,1,102.2658580875
4,4,573.69,0,1,0,32902.39,1,0,44.429291825
3,1,901.33,0,1,1,27090.16,2,1,88.4957533875
1,6,902.07,1,1,0,11306.32,1,0,72.94291555
3,4,686.59,0,1,1,36352.99,1,1,72.457314725
1,4,860.28,0,0,0,7792.07,0,1,66.2104239875
1,7,859.83,0,1,1,42003.43,1,1,95.4888914625
2,6,773.65,0,1,0,30764.16,2,1,86.8796085875
2,7,808.93,0,1,1,26083.57,1,1,75.70097275
3,2,890.69,1,1,1,17349.88,4,1,124.3320721875
1,1,765.32,0,1,1,8315.34,0,1,66.9626348125
1,2,657.97,1,1,0,28148.91,1,1,88.9181716625
2,7,816.77,0,1,1,16817.74,1,1,87.9261850625
3,5,988.62,0,1,0,30021.55,3,1,91.4018974875
1,4,733.55,0,1,1,14935.76,2,1,93.262470025
3,6,682.75,0,1,1,14898.26,1,1,75.175251775
0,9,1009.31,1,1,0,26697.92,2,0,89.446730775
2,7,764.79,1,1,1,26101.9,0,1,97.767565125
2,6,643.52,0,1,0,5829.41,1,1,66.795531875
2,5,554.38,0,0,1,28399.11,0,0,39.0718261
3,5,823.05,0,1,0,32656.32,0,1,76.485143625
1,4,640.25,0,1,0,20463.3,0,1,69.0434845
4,5,689.76,1,0,0,26291.15,0,0,43.700341025
2,5,813.69,0,1,1,23541.2,1,1,76.574678375
1,3,821.69,1,1,0,16745.65,1,1,92.1413552125
3,3,664.68,1,0,1,32740.89,2,1,109.2083165125
2,3,1054.58,1,1,1,21255.23,0,1,87.0402943375
2,0,1042.81,0,0,1,39314.16,0,0,29.8625238625
3,5,929.46,0,1,1,16106.32,1,1,74.0108417125
1,4,673.08,1,0,1,14214.36,2,0,82.2590938125
1,5,713.62,0,1,1,36298.72,1,1,86.773130525
2,5,704.72,1,1,1,31749.91,2,1,115.7773440375
1,4,794.74,0,0,0,6364.43,1,1,77.8611361375
2,4,829.78,1,1,1,19835.2,2,1,126.36725725
1,4,953.19,1,1,1,39489.23,1,1,101.951698375
1,5,585.55,0,0,1,20797.91,3,0,70.6502694875
5,6,633.97,1,0,1,28202.39,0,0,55.9412465
3,5,820.54,0,1,0,22586.51,0,1,72.47645475
3,3,750.39,0,1,0,18681.58,3,0,70.606397675
2,2,672.37,1,1,1,19403.1,1,1,100.4202193
2,4,685.43,0,1,0,34816.79,0,1,56.74358695
3,2,662.29,0,1,0,36722.54,2,0,53.5015210625
1,6,725.53,0,1,0,25109.88,3,0,69.9678448375
1,0,878.69,0,1,1,15569.46,2,1,102.705523975
3,7,898.5,1,1,0,36884.89,2,1,122.1024064875
3,7,893.27,0,1,0,16860.46,1,1,86.5534137125
3,7,533.3,0,1,1,27626.36,0,1,82.1742300125
1,8,518.49,1,1,0,30763.52,0,1,84.5148852
3,7,794.89,1,1,0,35189.49,2,0,83.85242395
2,8,711.53,0,0,0,37215.47,1,0,38.447813875
2,6,1010.55,0,1,0,27689.47,1,0,55.0707110125
4,4,845.12,0,1,0,12264.5,1,1,70.581944
1,7,714.65,1,1,0,24488.96,1,0,70.9095846375
1,5,704.64,0,1,1,31282.86,0,1,78.306331675
2,2,690.69,0,1,1,14905.48,0,1,83.1134173625
1,2,704.75,0,1,1,46993.0,0,0,48.8248285
2,4,873.04,1,1,0,22599.47,1,0,65.6957573
1,4,862.83,0,1,1,14622.24,2,1,81.874617225
4,6,534.35,0,1,1,45379.66,0,1,79.242158975
2,5,666.23,0,1,0,25393.47,1,0,41.10313075
3,8,780.66,1,0,1,28477.29,1,1,90.928504075
2,6,700.32,1,1,0,17418.74,2,1,100.8242125625
2,6,388.17,0,1,1,9736.98,1,1,86.33331805
3,6,637.24,1,1,1,35536.9,0,0,49.704388425
2,3,868.51,0,1,0,30102.18,0,1,77.518822975
2,5,956.49,1,1,1,30233.2,1,0,80.0908148125
3,8,613.67,0,1,0,21489.89,0,0,34.1995291125
2,5,556.77,0,1,1,33455.61,0,0,54.14767645
1,4,719.97,0,1,1,22954.06,0,1,69.1662103
1,4,722.55,1,0,1,49903.47,0,0,63.3648079
2,6,755.85,1,0,0,28414.45,2,1,95.2645221375
2,4,912.5,1,1,0,29492.59,0,0,68.4375191875
2,8,592.68,1,1,1,20542.24,1,1,97.5528773375
-1,5,697.17,0,1,1,17804.39,2,1,102.189359675
2,4,631.85,1,1,0,29206.67,0,0,55.7154355875
3,7,627.3,0,1,0,32568.9,0,1,61.1172885625
2,5,686.0,0,1,0,12090.35,2,1,95.3432203
4,2,755.81,1,1,0,34541.06,2,0,87.78229595
3,2,875.98,0,1,0,24849.38,2,0,66.8264704375
1,5,729.06,1,1,0,22456.58,1,1,106.0113466125
2,3,698.35,0,0,0,37442.86,2,0,37.811400925
2,5,621.6,1,1,0,27571.38,1,0,52.6448944375
3,9,1123.53,0,1,1,33964.42,0,1,69.996121125
3,5,486.17,0,1,0,18879.68,0,0,24.8144325375
3,10,810.5,0,1,1,39304.91,1,1,101.9211755625
2,6,750.76,1,1,0,26952.99,2,1,98.6989325125
2,4,1000.26,1,1,1,18076.23,0,0,53.11455795
0,8,758.0,1,1,0,24767.0,0,0,54.96601105
2,3,700.37,0,1,1,14199.3,3,1,104.5861724125
3,5,674.38,0,1,0,14925.92,0,1,61.4025276125
2,4,1021.58,0,1,1,36811.24,2,0,53.13469555
3,4,773.05,0,1,0,20515.14,0,1,56.4215294
2,8,969.13,1,1,0,10539.88,1,0,54.950169825
1,7,580.33,0,1,0,30949.12,1,0,59.0002127875
1,4,751.24,0,1,1,24104.97,2,1,104.399691925
1,9,835.06,0,1,1,27876.39,2,1,94.4422229875
1,2,984.48,1,1,1,29999.75,2,1,105.0338711875
1,6,900.96,0,1,0,12476.47,1,1,81.706872725
2,4,701.95,0,1,1,31473.06,2,1,103.535098275
1,6,719.2,0,1,0,31574.87,1,1,67.7318489
2,4,742.02,1,1,0,28730.32,1,0,75.4205478375
2,3,776.74,1,1,1,28498.21,1,1,105.5047076625
3,2,651.79,0,1,0,31858.78,0,1,63.8035078625
2,6,824.89,1,1,1,22751.5,0,1,83.6713565875
-1,2,638.39,0,1,0,26305.76,2,1,84.4354068
2,5,1076.14,0,1,1,34651.95,2,0,69.8026311375
3,7,579.55,1,1,1,23892.45,0,0,57.21703695
2,4,777.33,0,1,0,20522.84,1,1,88.0396021625
2,0,549.85,0,0,0,23928.25,2,1,76.4072464125
1,6,764.09,1,0,1,18017.78,2,0,75.6567627625
2,6,879.51,1,1,1,22013.63,0,0,52.820417025
2,6,671.88,0,0,1,14134.17,1,1,70.4426736625
2,7,887.91,1,1,0,20988.27,0,1,90.6064938125
3,4,699.8,0,1,1,12241.93,0,1,61.657070925
1,6,850.87,1,1,0,3776.08,0,1,81.536731875
1,11,946.74,0,1,1,28819.03,2,1,91.2613136
3,7,549.72,0,1,1,41533.34,1,0,69.60330505
0,5,755.03,0,1,0,19693.19,1,0,32.7433301
2,6,828.63,1,1,1,10699.02,2,1,104.55183375
1,5,323.95,0,1,0,26295.5,1,1,63.18045595
3,6,683.29,0,1,1,23182.8,1,0,63.4989008
2,5,557.23,0,0,0,19273.03,0,0,24.6333893125
2,4,683.02,1,1,1,29193.07,1,0,75.766637875
4,4,840.2,1,1,0,33580.57,0,1,81.656344025
1,8,970.75,0,1,0,32285.37,0,0,45.996005125
3,2,929.79,1,0,1,24110.05,2,0,81.874119975
1,5,692.13,0,1,0,26348.19,2,0,61.2647116625
1,1,878.83,0,1,0,34531.17,1,0,46.4639319
3,7,572.78,1,1,1,34099.98,1,0,64.2410159625
2,4,840.06,0,1,1,20857.83,2,1,97.4823775125
2,2,765.99,0,1,0,21128.67,2,0,58.809329525
2,6,627.91,1,1,1,21104.1,3,0,102.95356175
3,6,884.14,1,1,1,25621.9,0,0,76.6861502375
3,6,776.99,1,1,0,15962.89,1,0,64.6561656625
2,8,567.36,1,1,1,12522.58,1,1,112.0813530875
1,5,870.71,0,1,1,29910.62,3,1,101.5151518625
2,4,1177.7,1,1,1,19366.43,3,1,123.033605425
1,5,950.5,0,1,1,15450.66,0,0,51.8394576125
1,2,817.61,0,1,0,38734.51,1,1,77.756199425
1,7,658.86,0,1,1,35701.06,1,0,66.7720770875
3,7,764.33,0,1,1,31872.19,2,0,71.302876825
3,2,1005.38,1,1,1,33346.93,1,1,94.328409925
1,3,968.28,0,1,0,32258.4,2,1,101.8823570375
2,3,800.96,0,1,0,30971.97,2,0,56.9184505875
2,3,564.17,1,1,1,16354.79,0,1,76.26060845
1,5,752.39,0,1,1,35560.75,1,1,73.680519975
2,4,771.59,0,1,1,25489.96,1,1,75.221378575
2,4,1069.32,0,1,0,12435.65,1,1,85.8454752125
3,5,836.5,0,1,1,28629.77,2,1,107.7771965625
3,5,934.82,0,1,0,24210.55,0,1,74.2211315875
2,3,760.75,0,1,0,32129.77,3,0,68.2010751625
1,7,665.07,0,1,0,42115.1,1,1,72.0357990375
1,4,704.72,0,0,0,20191.55,1,1,62.602637075
4,-1,1058.32,1,0,0,17182.76,4,0,74.867272975
2,4,883.45,0,0,0,22813.35,2,0,46.555471975
1,6,626.75,0,1,0,31028.6,3,0,57.2221246375
2,5,635.28,0,1,0,32315.58,1,1,70.9179797125
1,5,574.3,0,1,0,11962.93,0,1,53.6579807125
1,3,813.06,1,1,1,31780.33,2,1,113.605193375
2,7,911.98,0,1,0,26336.01,2,1,99.3554877
2,4,880.15,0,1,0,22242.58,2,1,77.11031275
2,7,931.86,0,1,0,24697.02,0,1,71.8996044
2,6,809.69,0,1,0,18617.69,1,0,38.927016225
2,3,786.46,0,1,0,31008.24,3,0,58.434825375
-1,8,801.48,1,1,0,22003.44,2,1,120.0391358
1,4,748.04,1,1,1,16081.34,0,0,47.7578827625
1,5,670.5,1,0,1,-1013.85,2,0,66.0816297375
2,6,548.96,0,1,0,31400.35,2,0,60.7173312
2,5,569.94,0,0,1,19983.43,1,1,70.3693959875
2,3,731.05,0,1,1,21571.95,1,0,59.94448275
1,4,1035.94,1,1,0,38030.46,1,1,102.7119440125
1,1,799.66,0,0,0,21299.68,1,0,34.647899575
2,5,843.85,0,1,0,19607.07,0,0,38.37451235
2,6,928.7,0,1,1,31689.0,1,1,99.10202355
2,9,856.5,0,1,0,18043.09,1,1,67.4547731625
1,5,767.79,0,1,0,28953.16,0,0,22.931290425
2,7,996.66,1,1,0,30070.15,0,1,77.343897425
4,8,795.46,1,0,0,26405.81,1,1,96.13840585
4,9,678.47,0,0,0,30465.27,2,1,88.3624086875
2,8,861.31,1,1,0,24174.71,1,0,80.0230812375
3,5,819.68,1,0,0,10547.98,0,1,73.266632175
0,3,766.53,0,1,1,25372.96,1,0,37.554997975
4,2,834.13,1,1,0,32820.26,0,0,56.636988775
3,0,618.91,1,1,0,19943.2,0,1,88.6343028375
1,4,942.95,0,0,0,23348.8,1,1,81.3644127875
1,6,1002.71,0,1,1,26478.15,2,0,52.6045750375
2,8,834.85,0,1,1,16956.43,0,0,37.86173925
2,7,868.06,1,0,0,26477.51,0,1,68.97347575
1,5,684.37,1,0,1,33920.09,0,1,71.3554078125
1,4,691.12,1,1,0,47090.5,0,1,87.258286875
4,4,801.12,0,1,0,11182.68,2,1,75.7992694375
2,7,825.89,0,1,0,35389.76,0,1,66.883566775
0,5,606.3,1,1,1,23623.36,1,0,69.8428297625
2,7,1046.44,0,1,1,28452.41,1,1,78.8289002
1,3,550.83,0,1,0,27439.6,2,1,73.309230775
2,2,670.35,0,1,1,16868.7,2,1,83.6301508625
2,3,800.93,1,1,1,26743.0,0,1,93.314766
2,6,881.87,1,1,0,8927.86,0,1,90.013666475
3,5,772.83,0,1,1,31214.57,0,1,82.282885425
1,3,730.49,0,0,0,29719.32,1,1,68.693171625
0,4,844.57,1,1,0,26500.91,1,1,110.102926975
4,2,737.62,1,1,1,35443.13,3,1,127.350901
2,6,643.98,0,0,1,20385.97,0,1,57.1905077625
1,5,587.1,0,0,1,12899.98,1,1,66.410659425
3,9,681.31,0,0,1,36553.92,1,0,45.4242155
0,4,857.96,0,1,0,13955.21,0,0,37.5202099625
3,6,792.56,0,1,0,23087.74,2,1,101.6053451125
1,3,938.51,1,1,0,17284.03,2,0,61.8878081375
3,6,865.67,0,1,1,35757.27,0,0,49.2028162
3,5,1087.35,0,1,0,38651.2,1,1,82.818157275
3,8,669.97,0,1,0,22952.21,1,1,69.1807977625
1,5,635.28,0,1,1,21549.44,1,0,60.2406913125
1,4,608.51,0,1,0,34811.43,2,1,97.121028775
2,9,937.63,0,1,1,10770.83,2,1,104.5094795875
2,5,904.92,1,1,0,5801.91,0,1,88.8345484
1,7,788.73,0,1,1,15850.7,0,1,84.6156658
2,1,939.97,0,0,1,27136.17,1,0,48.4154121625
1,6,895.91,0,0,0,18822.41,1,0,27.7780953875
2,4,690.85,1,1,1,10227.04,0,1,101.7486537375
1,5,888.32,0,1,1,36802.71,1,1,75.390370025
2,4,549.95,0,1,0,34362.91,1,1,75.7449375625
0,5,1046.68,1,0,1,21197.44,1,1,100.2147770125
4,4,869.29,0,1,0,7682.1,1,1,66.7685015
3,3,927.71,0,1,1,28285.37,0,1,72.67198005
2,3,1102.5,0,1,1,20783.2,1,0,51.1405098375
1,5,1031.06,1,1,0,38350.58,3,1,133.324303125
3,3,769.77,0,1,0,15884.25,2,0,67.102400525
1,5,658.94,0,1,1,28110.64,2,1,102.3525140875
3,4,660.55,0,1,1,43636.94,0,1,77.05154105
2,7,664.49,1,1,0,33094.49,1,0,73.7602241875
1,6,701.3,0,1,0,37684.67,0,0,31.3664148
2,5,963.07,0,1,0,44918.46,2,0,61.7523635125
3,5,993.23,0,1,0,31536.8,1,1,94.0011718625
2,7,974.28,1,0,1,9282.02,0,1,78.861909275
2,3,731.11,0,1,1,20693.18,0,0,30.6530426
4,1,862.33,0,1,0,20098.58,1,0,34.1081283
1,2,708.64,1,1,0,34663.71,1,0,70.25693645
1,5,612.54,0,0,1,20217.23,2,0,55.2646068
1,7,840.81,0,0,0,30684.89,0,0,28.306955325
1,2,680.57,1,1,1,4884.15,0,1,77.2289274125
2,8,790.51,1,1,0,24854.53,1,1,113.1785374375
0,6,979.89,1,1,0,14522.36,3,1,114.327021975
2,4,972.95,0,1,1,34625.01,3,1,103.661419075
3,2,676.98,0,1,0,22900.94,2,1,88.945677
2,3,581.22,0,1,0,29023.85,1,1,71.588605975
3,5,1166.71,1,1,1,13738.55,1,1,115.8413106625
2,2,924.17,0,1,0,16058.13,0,0,34.967979925
2,4,996.35,1,1,1,37360.13,1,0,71.4022601375
3,6,1097.89,0,1,1,22277.67,2,1,88.663726725
2,6,548.8,0,1,0,27080.23,2,0,67.9919273
3,7,981.26,0,1,1,-526.54,3,1,97.9406973125
0,4,904.53,1,1,1,56531.08,0,0,72.9049771875
2,4,835.05,1,1,1,-90.52,0,1,99.32675
3,6,786.93,0,1,1,17196.35,0,1,71.0848258625
0,4,1185.36,0,1,1,28864.24,0,1,82.7674243625
2,4,534.15,1,1,0,24618.26,1,1,85.3011329
2,6,700.94,1,1,0,18591.7,0,1,84.8935131
2,6,662.82,0,1,1,20919.1,2,1,82.0571958625
2,7,860.15,0,1,0,39465.64,2,0,63.62864485
4,7,709.59,0,1,1,18900.25,1,0,43.85141555
0,9,843.85,0,0,1,22729.18,1,1,72.156950825
1,6,948.47,0,1,0,25758.26,2,0,59.2720193875
2,6,750.79,0,1,1,22787.4,3,1,111.026212175
3,3,571.3,0,1,0,27899.3,0,0,36.8369646875
3,5,942.5,1,0,1,15292.0,0,0,50.0907916875
2,1,560.7,1,1,0,26586.82,1,0,57.107818875
1,6,701.89,0,1,1,32896.78,0,0,45.7515460375
3,5,1074.9,0,0,1,26420.49,1,0,38.66350315
1,7,892.85,0,1,1,15912.6,1,0,46.7341183875
1,8,848.04,0,1,1,18347.8,1,1,87.0788981875
2,4,749.44,0,1,1,21510.21,2,0,60.3884186125
3,7,754.59,1,1,0,30996.0,1,0,65.3556022375
1,4,821.37,0,0,1,14991.02,0,1,57.94154135
3,7,916.95,0,1,1,19975.74,2,1,97.8417669125
2,6,898.26,1,1,1,15825.46,0,0,65.56729245
2,5,593.12,1,1,1,25339.76,1,1,97.6190790625
3,2,752.36,0,1,1,9371.77,3,0,76.134372725
1,3,757.73,1,1,0,22432.58,2,1,114.4336818
4,8,635.78,0,1,1,24609.66,0,0,54.0417544375
3,6,676.79,0,0,1,21962.35,1,1,72.911131525
3,7,827.01,0,1,1,26537.74,0,0,54.03341965
2,7,606.43,1,1,0,16225.94,2,1,106.307783725
0,1,557.07,1,1,1,7525.82,1,1,100.013492925
1,4,942.08,0,1,1,27218.13,1,1,77.0118117
1,6,833.6,0,1,0,28663.06,0,1,68.491456075
2,8,813.67,1,1,1,15648.87,2,0,77.7123180125
2,6,361.13,0,0,1,28218.63,1,0,55.23424115
2,5,711.94,0,1,1,19210.78,1,0,52.31353145
1,7,696.3,0,1,0,30768.18,1,1,66.5603490875
2,6,599.88,0,1,1,24223.48,0,1,61.7676164625
1,7,661.46,0,1,1,31908.08,1,0,55.53378725
3,6,704.81,0,1,0,20227.31,0,0,23.679382
2,4,828.85,0,1,0,-1048.77,2,0,47.8286122125
2,7,915.66,0,1,0,8824.44,0,1,54.59434835
0,4,906.78,0,1,0,24609.42,2,1,99.2169280125
3,4,916.19,1,1,0,19258.73,2,1,121.4602262375
3,8,631.54,0,1,1,12107.02,1,1,94.510903775
1,4,802.95,0,1,0,47110.28,1,0,51.2883324375
2,1,597.39,1,1,0,20184.42,1,1,96.13220765
3,9,744.67,1,1,1,26095.19,1,1,98.55671245
0,2,840.99,1,1,1,26297.68,2,0,82.9793924
1,6,1066.39,1,0,1,47483.47,1,1,93.6011323125
3,5,820.39,0,1,1,9501.99,2,1,98.406799275
3,7,824.91,1,0,0,20618.16,3,1,116.3767799
0,2,702.84,0,0,1,23958.43,0,1,59.378180175
2,2,653.43,1,0,1,25127.72,1,1,96.127730225
2,5,663.28,0,1,1,32704.18,1,1,81.308328075
0,5,780.22,0,1,1,14164.11,2,1,102.2953681
2,6,911.58,1,0,1,36316.9,1,0,59.38471745
2,5,244.4,1,0,1,39823.7,2,1,107.3339609625
2,5,674.53,0,1,0,16451.23,0,0,20.420596425
3,5,1019.52,1,1,1,21532.89,1,1,95.065538025
1,1,515.34,0,1,1,11753.98,0,1,57.51382605
1,5,584.85,0,0,0,2108.61,0,1,55.101556225
4,7,900.39,1,1,0,22294.67,1,1,110.4514771125
4,6,829.15,1,1,0,18777.36,2,1,104.1486937125
2,4,814.28,0,1,0,34929.14,1,0,52.3479059875
1,8,895.34,1,1,0,36314.02,1,0,66.5902001875
2,6,911.72,1,1,1,24762.94,0,1,105.74621945
4,7,770.68,1,0,0,24871.18,0,1,89.276210625
1,3,824.05,0,1,0,38321.36,3,1,98.0157422375
5,3,750.58,0,0,0,13397.44,0,1,54.9488755375
1,9,835.59,0,1,0,44083.19,0,1,72.5157629375
1,2,791.78,1,1,0,27267.91,2,1,110.3275162125
3,5,879.29,1,1,0,24582.51,3,0,93.6111506
0,4,1116.41,0,1,1,19658.51,3,0,73.197138675
2,3,698.84,0,0,0,26577.03,1,1,55.278281375
2,5,842.02,0,1,1,36015.54,2,1,104.7263237
2,6,787.1,0,1,1,29109.56,4,0,100.4379245
4,3,720.31,1,0,1,22691.55,2,1,106.1606545125
3,5,773.66,1,0,1,35807.59,0,1,96.317305225
2,2,1075.89,0,0,1,16451.71,0,0,44.7230575875
2,4,772.33,0,0,0,31731.94,2,1,66.451307875
2,5,662.58,0,1,1,22932.87,1,1,97.8817912625
1,8,843.47,1,1,1,33015.78,0,1,96.32196985
3,6,551.32,0,1,0,40545.49,1,0,46.4045767875
1,5,831.82,1,1,1,28563.2,0,0,58.9866309125
1,4,870.57,0,1,0,10237.39,1,1,64.5058140875
2,7,786.06,0,1,0,35869.9,2,1,82.0382258
2,9,759.64,1,1,1,19296.1,1,0,79.4895153375
2,6,520.46,0,1,0,38685.23,3,1,109.7816645875
2,7,811.63,0,1,1,47453.09,2,1,87.5273435875
2,5,974.83,1,1,0,18894.52,2,1,122.03906765
1,5,836.06,1,0,0,24032.65,0,0,31.6384656375
1,5,812.24,1,1,1,19179.15,0,1,99.464513375
1,8,1055.17,1,1,0,15189.3,1,0,67.6023876125
3,11,555.62,0,0,1,52765.1,0,1,60.1635290875
2,10,1064.73,0,1,1,27339.04,1,0,56.9727520375
2,5,771.82,0,1,1,26668.29,2,1,109.906309375
1,6,801.99,0,1,1,22542.9,1,0,40.738836075
3,6,730.36,0,1,1,19302.3,1,1,93.0322029125
2,6,753.22,1,1,0,15696.01,0,1,75.0760583
1,4,877.23,0,1,1,33337.88,1,1,87.62858465
4,5,762.6,0,0,1,12326.43,0,0,42.20253015
2,5,778.5,0,1,0,26252.68,2,0,61.610457475
3,7,725.84,0,1,1,18666.0,2,0,62.1892822625
2,1,661.54,1,1,1,40260.49,0,1,93.3932458125
2,4,504.24,0,1,0,25193.6,1,0,33.1154465125
2,4,825.94,1,0,1,27846.65,2,0,61.5743908875
1,3,634.29,1,1,0,38155.18,0,1,76.61737085
2,2,736.14,1,1,1,36618.88,0,0,64.5889304375
3,1,851.93,0,0,0,16419.26,1,1,70.88008565
1,7,528.29,1,1,1,34288.53,0,1,95.4507178
2,4,586.48,0,1,1,28153.0,0,1,77.5905112875
0,6,620.29,1,0,0,31055.69,1,1,93.496885375
1,8,957.95,0,1,0,34888.0,2,1,99.436842975
2,5,583.22,1,1,0,19597.04,1,0,76.2273989625
3,7,729.7,1,1,0,29004.38,0,1,83.6170697875
2,10,606.2,1,1,1,31577.13,1,0,67.5182751125
3,7,601.03,0,1,1,23941.9,1,1,88.63733665
1,7,935.01,0,1,1,27243.07,2,0,74.879467125
2,8,652.2,1,0,0,10756.64,3,0,66.2893838875
3,4,743.58,0,1,1,17822.06,0,1,62.9926525625
1,6,889.06,0,1,1,-1576.44,1,0,38.6049117125
4,6,681.32,1,1,0,13481.07,1,1,109.4166271375
0,6,949.59,0,0,0,5200.62,3,0,63.640873575
2,7,509.38,0,1,0,46025.99,0,1,81.866985125
2,6,888.47,1,1,0,27854.32,2,0,74.0008702
2,9,747.74,0,1,0,21937.54,2,0,46.557799325
2,7,770.67,0,1,0,19771.94,3,1,90.962408
3,5,634.83,1,1,1,16128.76,3,0,96.7172646625
2,8,605.21,0,0,1,34695.89,2,1,85.1194694375
3,4,695.24,0,1,0,26862.82,0,1,74.8152501625
1,2,694.55,0,1,1,8498.6,1,1,93.713318725
3,5,798.92,1,1,1,20900.09,2,1,105.5262275125
1,5,595.7,1,0,0,18885.43,1,1,88.15767625
2,7,957.28,1,1,0,18063.68,0,0,44.6227933875
3,5,845.62,1,0,1,28938.08,1,0,58.0327392125
4,8,765.55,0,1,1,17127.48,0,1,83.0026019625
2,3,1063.48,0,1,0,20030.28,1,1,82.37061
1,6,950.08,0,1,1,19782.36,2,0,66.468294
1,4,733.47,0,1,0,29943.51,2,1,77.030200725
1,5,889.54,0,1,1,8708.73,2,0,48.5727395
2,6,931.66,1,0,1,22386.93,1,0,77.251266425
1,9,879.67,0,1,0,34346.14,1,0,41.1968701375
1,2,768.1,0,0,0,14810.27,2,1,82.2633453875
3,6,891.78,1,1,0,32648.4,1,0,63.3020803
2,5,742.32,1,1,1,30714.7,1,1,113.0832667875
1,1,965.07,0,1,1,25904.59,2,0,49.582568525
0,6,686.45,1,1,0,46078.72,1,0,80.6521223875
1,5,961.91,1,1,0,27755.02,0,0,57.8017724875
2,5,1069.87,1,1,1,25057.67,0,1,93.5396738
3,8,867.34,1,1,1,28403.65,1,0,67.674357925
3,5,686.58,0,1,0,44804.64,0,0,26.404660525
2,4,1015.45,0,1,0,24516.2,1,1,71.080548425
1,2,669.69,1,1,1,24973.46,0,0,45.0676871
2,3,626.42,1,1,1,19085.43,0,1,89.6823799125
1,3,1072.0,1,1,1,10174.71,0,1,101.3378819
2,4,865.04,1,1,1,18391.27,0,1,85.9117960125
1,4,688.98,0,1,1,36571.26,2,1,103.7444609
1,5,785.52,0,1,1,17110.12,0,1,77.5231546625
2,0,797.67,1,1,1,19047.93,2,0,92.2660917375
4,4,846.15,0,1,0,35945.14,0,1,60.4468389125
2,4,773.2,0,1,0,34162.2,1,1,85.378934675
2,9,998.93,0,1,1,34392.57,0,1,70.9486361125
4,5,868.58,0,1,0,6788.84,2,0,48.2297401625
2,7,751.99,0,1,1,13348.51,1,0,44.609521575
2,2,666.58,1,1,1,27716.53,1,0,66.2947389375
2,5,901.61,1,1,1,30061.2,1,1,115.106927925
2,4,902.76,0,1,0,14608.19,1,1,73.6761081625
2,2,796.83,0,0,1,13898.86,0,1,74.558667575
3,5,642.72,0,1,0,25405.56,0,0,22.2489373
2,4,832.37,0,1,1,6343.89,2,0,66.1888816625
2,5,988.29,1,1,1,41764.78,2,1,131.6735415
1,6,682.29,1,1,1,23078.73,0,0,62.2619280625
2,4,838.84,1,1,1,38464.04,3,1,127.825276375
1,5,890.73,0,1,1,30770.24,3,1,100.7091427625
2,2,752.77,0,1,1,21188.82,0,0,39.9292350375
3,4,748.97,0,0,0,31973.67,2,1,72.4047001375
1,9,572.76,1,1,1,35408.69,3,1,124.040139775
2,4,936.44,1,1,0,6757.32,3,1,125.29781325
2,5,943.71,0,0,0,26873.88,2,0,35.835612475
0,5,868.52,0,1,1,17440.95,0,0,28.618918775
2,4,885.58,0,0,0,34893.47,1,0,35.8146876
1,3,519.84,0,1,1,20211.03,0,0,39.165728075
2,3,958.46,0,1,1,28827.97,2,1,109.8778164875
1,6,699.62,1,1,1,31778.47,0,1,85.600124825
3,6,709.33,0,1,0,18368.07,0,0,44.7489126625
2,1,835.9,0,1,1,24741.96,0,0,43.6148941375
0,5,669.56,0,0,1,29937.32,1,0,52.1862136375
1,7,1090.44,0,0,0,32838.33,1,1,85.8616187875
1,8,535.6,1,1,1,30021.33,0,0,72.8894709
3,7,771.06,1,1,1,19482.65,0,0,59.4284130875
2,4,1147.92,0,1,0,17006.08,1,1,74.0989276875
2,7,938.86,1,1,0,16126.88,2,1,119.0466468
2,5,947.73,0,1,0,31293.59,1,0,46.2591532
3,6,848.71,0,1,0,12959.34,0,1,54.339802025
3,6,958.96,0,1,0,19078.68,2,1,80.1766021375
2,4,687.94,0,1,1,24203.05,1,0,50.0682703
3,5,811.93,0,1,1,38603.17,0,0,36.761306725
1,3,988.94,0,1,1,15642.66,1,1,73.3665959
2,3,703.79,0,1,0,42236.78,0,1,54.673314225
4,3,534.57,1,1,1,23102.74,2,0,88.0123303125
3,4,878.4,0,1,0,25774.32,1,1,75.2664391875
1,2,795.15,0,1,1,26411.26,1,1,94.035767125
3,6,693.03,1,1,1,28093.23,2,1,116.7597165
2,1,984.8,0,1,0,24249.31,2,1,85.93251585
0,5,591.87,0,1,1,20541.51,1,1,74.91627855
0,6,803.83,0,1,0,25585.89,2,1,75.7863452125
4,5,627.4,1,1,1,23288.42,1,1,92.3666894875
4,5,695.95,1,1,1,19703.61,2,1,120.217739675
0,3,698.83,0,0,0,13817.63,0,0,12.19301881
2,4,1106.99,0,1,0,10691.95,1,1,73.490238475
1,5,702.04,0,0,0,31462.81,1,1,60.8282471125
3,6,695.68,0,0,1,24977.27,0,0,21.9859118875
-1,5,806.5,1,1,0,10799.59,0,0,56.2815996875
2,4,1111.85,1,1,1,30600.54,1,1,106.5054662125
1,3,966.98,1,1,0,13996.33,0,0,64.401245275
3,7,696.91,0,0,1,14380.37,1,0,49.161928
3,3,720.13,1,0,1,49294.85,2,0,88.449911925
1,5,793.79,1,1,0,26738.67,1,1,109.2889083875
2,2,830.26,0,1,0,16432.02,1,1,76.435721475
5,5,1016.56,0,1,0,31100.16,1,1,80.02546815
3,5,775.72,0,1,0,18999.34,3,1,93.9671874625
1,2,977.21,1,1,1,20664.1,0,1,83.3298395875
3,1,642.96,0,1,1,13626.5,0,1,82.5219183875
2,6,792.67,1,0,0,46841.59,1,1,79.6394334625
3,3,723.66,1,1,0,8771.54,2,1,107.3737612125
2,5,690.67,1,1,1,39842.83,1,1,108.9316031125
1,5,903.23,1,1,0,20150.28,1,1,95.7247724875
3,8,684.81,1,1,0,24404.43,1,0,76.0476114625
2,3,1004.21,0,0,0,13647.46,0,0,20.87421805
0,2,795.29,1,1,0,36365.17,2,0,83.9853256875
3,3,835.89,1,1,1,14067.73,2,0,83.5647973
3,3,786.47,0,0,0,15641.6,1,1,59.3759783
3,1,714.14,1,1,0,13262.51,0,1,77.1116461625
3,7,699.63,1,1,0,16616.36,2,1,111.8422420125
3,7,1130.5,0,1,0,32998.19,1,0,52.9776347625
1,5,929.73,1,1,1,44518.73,0,0,62.82616335
1,9,834.03,1,0,1,24583.35,1,1,102.590341275
2,6,674.74,1,1,0,36430.8,1,0,60.8714457375
2,6,733.45,0,0,1,20701.74,1,1,89.274828325
0,1,974.21,0,1,1,32363.36,1,0,55.9272594
3,4,941.85,1,1,1,27887.61,2,0,82.2900716875
3,5,732.97,0,1,1,27439.77,1,1,81.6113339875
1,4,663.37,0,1,0,19092.23,1,0,49.1910575125
0,4,699.81,0,0,1,22303.66,1,1,86.003811375
2,2,1136.0,1,0,0,22178.75,1,0,68.8502651875
4,4,1041.18,0,1,0,20060.1,0,1,57.692313125
3,5,773.02,0,0,1,31408.38,2,0,47.337702875
3,5,1084.52,1,1,0,1587.7,1,0,57.0321089
1,5,790.71,0,1,1,37050.82,0,0,45.4173550375
4,4,516.43,1,1,0,20372.66,1,0,58.4240865125
3,6,1057.52,1,1,0,16420.09,1,0,65.715274825
2,2,760.93,0,1,0,17974.11,1,1,72.929760025
2,8,807.56,1,1,0,22984.61,0,1,88.8472992875
2,3,1034.6,0,1,0,28074.6,0,1,58.0745961
2,5,861.43,0,0,1,28405.85,0,1,62.327086475
1,5,900.45,1,0,0,15115.43,1,1,87.7205136125
0,6,737.19,0,1,1,17451.85,3,1,107.75969145
2,4,854.11,0,1,0,25119.88,1,1,69.5467304875
1,3,786.13,0,1,0,28819.69,1,1,65.807396425
2,5,547.37,1,1,1,16397.97,1,0,81.6076250375
2,3,752.63,0,1,1,16120.11,2,0,65.4863498875
2,4,699.42,0,1,0,24008.13,0,1,59.09080595
1,4,705.27,0,0,1,32894.0,1,1,81.885515225
2,5,924.54,0,1,0,15145.56,2,0,57.3520752
2,6,862.53,0,1,1,36313.84,1,0,53.82868495
2,7,687.45,0,1,1,19574.41,0,1,69.84403635
0,5,928.69,0,1,0,26182.2,0,1,78.0865356625
2,8,1018.86,1,1,1,13611.22,2,1,120.2094992375
3,7,786.75,0,1,1,41083.05,1,1,88.3351697875
1,2,924.05,1,0,1,11499.93,1,0,67.5095182
3,5,579.46,1,1,0,37876.75,0,1,85.3443671375
3,5,831.08,0,1,0,10099.02,1,0,53.568915625
2,4,717.39,1,1,1,19565.61,1,0,59.15086325
3,4,640.71,1,1,0,41718.43,1,0,71.6127055
4,6,691.92,1,0,1,7902.71,1,1,93.2229685
1,4,893.34,0,0,1,37558.92,1,0,54.2890637125
1,7,904.79,1,1,0,29416.5,0,1,99.21124645
1,5,699.25,1,1,0,28249.71,2,1,117.660690175
3,7,643.43,1,1,0,12380.29,0,1,93.648313725
2,9,1113.99,1,1,0,28093.77,2,0,76.160992575
1,5,735.06,0,1,0,29839.01,0,0,44.6248145875
1,3,808.19,0,1,0,28898.87,0,1,63.61572015
1,4,755.02,0,1,1,34067.78,2,1,87.1165103375
0,2,764.65,1,1,0,11027.89,1,1,104.8917362
1,5,571.11,0,1,1,29918.34,2,0,70.1557186
1,6,986.3,0,1,1,28032.2,0,0,54.3609140875
2,5,726.25,1,1,0,29213.75,0,1,98.8850325875
0,9,856.15,0,1,0,26546.13,1,1,69.4158680375
3,8,698.03,0,0,0,28833.16,0,1,67.4673784
1,5,846.64,1,1,1,13971.01,2,1,120.30949255
3,4,679.48,0,1,0,42422.59,2,1,96.9690676625
3,1,767.12,1,1,0,24635.02,1,0,63.8989293875
3,5,650.6,0,1,0,23861.79,0,1,67.882788975
3,5,758.62,0,1,0,28484.97,1,0,35.2591322125
2,6,849.08,0,1,1,25230.29,2,0,68.9462944125
2,4,784.79,0,1,1,25128.15,2,1,88.6677762125
3,6,733.48,0,1,0,22880.75,1,0,36.215936
4,8,607.15,1,1,1,40047.03,1,1,110.5857806125
2,7,652.57,0,1,0,25566.98,1,1,82.5259844625
3,2,695.3,0,1,0,28278.67,0,1,66.8810183
1,5,874.65,1,1,1,20070.34,1,1,102.9381662875
2,4,717.42,0,0,0,18993.48,2,1,74.4059408625
1,4,778.09,0,1,0,31208.61,1,1,85.615499225
2,7,932.1,0,1,1,24188.14,2,0,62.41624535
1,4,622.28,0,0,0,27825.25,1,0,43.1159954375
2,4,755.57,0,1,1,19598.82,1,1,84.9079000875
1,5,869.58,0,1,1,13976.87,0,1,68.14956625
1,4,630.91,0,0,1,29720.86,0,1,62.6813143125
1,5,761.19,1,0,1,31943.79,1,1,108.69393615
1,3,886.07,0,1,1,22982.15,1,0,56.048254075
3,7,867.73,0,1,0,23413.83,0,0,33.3186696875
1,4,883.64,1,1,1,39365.49,1,1,96.4873269125
4,5,870.48,0,1,1,38274.33,0,0,50.194212125
2,5,1024.0,1,1,0,23140.23,1,1,99.855193975
2,5,716.73,0,1,1,51.85,1,0,44.993562175
2,6,578.78,0,1,0,35741.32,2,1,86.409414375
1,5,602.68,0,0,1,18477.49,1,0,45.6237024375
0,6,892.43,1,1,1,21027.82,1,1,90.9210715375
3,5,1064.88,1,1,1,20596.74,0,1,95.886638875
0,4,963.1,1,1,0,20828.59,3,1,123.337189575
1,5,824.09,0,1,1,32799.66,0,1,73.6954138625
1,5,1032.83,1,1,1,34453.53,1,1,98.4411792
3,4,675.74,1,1,0,21394.01,1,1,108.6567890125
1,3,956.4,1,1,0,13342.48,2,0,63.2574080125
2,9,835.64,0,1,0,19603.28,0,1,61.0235757375
1,5,689.15,0,1,1,30570.0,2,1,105.1393524625
2,5,875.28,0,1,0,28512.28,2,1,87.477493625
3,2,750.75,0,1,1,17242.08,1,1,74.033926025
3,6,751.4,0,0,1,21288.94,2,1,100.7290842125
2,2,852.38,0,1,0,25600.11,2,0,49.4818639
1,4,677.17,0,0,0,22290.57,2,1,71.57789165
3,3,1027.08,0,0,0,13333.28,1,0,27.255795475
2,1,967.37,0,1,0,28745.23,2,1,84.0214574375
1,4,688.61,1,1,0,4994.76,0,1,95.4956266
3,6,770.58,0,0,0,11919.18,1,1,77.3444224875
0,3,649.56,1,1,0,24884.65,0,1,81.6263324
2,4,811.69,0,1,1,39518.02,2,0,62.3942667
2,4,766.01,1,1,1,16610.41,0,1,91.234643575
4,6,893.72,0,1,1,24822.96,0,0,47.0565024875
2,5,750.74,0,1,0,29119.48,1,1,70.8713874125
1,5,841.03,1,1,0,28153.11,3,0,99.8943174625
2,4,1015.02,0,1,0,37069.58,0,1,69.2832272875
2,8,825.89,1,1,0,31592.5,0,1,94.3411585
2,5,753.92,0,1,1,13236.41,1,1,85.927758275
0,7,703.67,0,1,1,26051.29,1,1,85.853273725
3,8,711.82,0,1,1,19788.33,1,1,84.800195225
4,3,732.57,0,0,1,23679.47,0,1,70.0358900125
3,2,864.51,0,1,1,25012.42,0,1,60.104085575
3,4,724.01,0,0,0,34647.94,1,1,64.6446761875
3,0,747.69,0,1,1,26251.25,2,1,94.7891777
4,5,757.58,0,1,0,18735.41,3,1,89.40775555
2,6,669.82,1,1,1,13241.11,1,1,103.3821533
2,4,511.18,0,0,1,24732.64,0,1,51.621102725
1,5,390.65,1,1,1,21047.34,3,1,123.004847525
3,6,665.16,1,1,0,19141.79,1,1,92.303121475
2,7,944.15,0,1,0,49063.95,1,1,76.3472052
1,3,443.63,0,1,1,20706.53,1,1,89.4552855875
1,2,684.1,1,1,0,28602.42,1,0,63.090976225
2,8,682.47,0,1,0,28083.17,1,1,67.0520157
3,2,729.58,0,1,1,24148.75,3,1,116.8760566875
2,4,1033.89,0,1,1,33497.88,1,1,91.7436951375
1,5,525.89,0,1,0,31088.66,1,0,43.4665234
-1,8,696.99,0,1,1,13396.89,0,0,40.297721575
3,3,761.02,0,0,1,35086.09,1,1,65.0821953625
2,7,746.7,0,1,0,16581.48,0,0,37.554193175
1,6,694.81,0,1,1,31686.0,2,0,70.8310510875
2,6,761.41,1,0,1,34722.1,1,0,52.245571025
3,0,724.04,1,1,0,30385.25,1,1,100.6111404625
4,5,545.39,1,1,0,20700.19,0,0,44.1583257125
4,6,835.63,0,1,0,11469.2,2,1,89.77782045
1,2,1004.55,0,1,1,18973.76,1,0,45.1642352875
3,3,776.97,0,0,1,27194.27,2,1,74.209319325
4,9,770.0,0,1,1,26072.34,0,1,77.7403480875
1,4,834.24,0,1,1,31470.86,1,1,96.9908093
0,5,543.82,0,1,0,21678.79,2,0,59.483693775
2,4,863.94,0,1,1,28760.84,3,1,115.31881215
1,9,1040.6,0,1,1,27620.24,0,0,55.80697375
2,4,989.18,0,0,1,12491.63,0,1,75.651187975
3,5,615.59,1,0,1,27163.95,1,0,63.0609751375
1,4,706.03,1,1,0,24016.9,2,0,78.774642175
3,8,867.52,1,1,1,20593.2,0,0,72.9653819875
4,4,724.42,1,1,1,29061.4,1,1,108.7282461625
3,6,771.15,0,1,0,13999.58,2,0,45.268705875
1,2,883.09,1,1,1,21622.9,1,1,105.370400625
2,6,874.2,0,0,0,36903.03,1,0,49.6124944
2,7,889.54,1,1,0,41049.77,0,0,52.0973195125
1,3,644.34,0,1,0,29411.13,1,0,43.6666321625
3,6,723.02,0,0,1,25843.01,0,0,30.5021586625
3,-1,673.71,0,1,1,30987.64,0,1,63.83640115
3,7,832.49,0,1,0,10054.41,1,0,45.873266175
1,6,896.52,1,1,1,10853.42,0,1,96.115695225
3,1,773.71,0,0,1,16025.37,0,1,50.66076335
2,2,872.1,0,1,1,14693.76,2,1,86.937917025
4,4,751.46,0,1,0,29637.91,2,1,90.1127809
3,3,1118.29,0,1,0,5037.37,1,1,75.75098495
3,3,1007.11,1,1,0,16240.07,1,1,97.418745725
2,4,680.77,0,1,0,33587.08,1,1,64.98762925
1,7,804.29,0,1,0,33096.67,1,1,90.0741284125
2,9,996.07,1,1,0,23587.13,3,0,93.1239137
2,2,767.13,1,1,1,25828.96,1,0,69.008781975
3,5,1189.12,0,1,0,23070.28,0,1,59.227556675
3,8,998.26,0,1,0,13845.18,1,1,89.7016781
2,4,890.88,1,1,0,42381.17,1,0,61.3563255875
2,3,541.84,0,1,0,1220.02,2,1,93.543031275
2,4,871.99,0,0,1,34261.62,1,0,49.66996535
1,6,537.8,1,0,1,14009.7,4,1,135.465861375
1,5,813.13,0,1,0,21015.26,2,1,80.1143800375
2,7,842.86,0,1,1,19564.25,1,1,75.262779325
2,3,971.81,1,1,1,34339.53,3,0,102.7353386875
0,3,872.07,0,1,0,27389.26,2,1,80.1651138125
1,6,769.82,0,1,0,32041.19,0,1,69.675459725
3,8,640.76,1,1,0,18882.26,0,1,93.5415411625
1,6,1129.49,0,1,0,25438.6,3,1,107.7598448375
1,6,523.18,0,1,1,13750.91,0,1,59.2502104
2,5,842.97,0,1,0,16908.09,3,1,100.8116142875
1,4,605.37,0,0,0,20308.74,1,0,42.8913106
1,6,889.07,0,1,0,17023.78,0,0,38.40403555
2,7,1002.39,1,1,1,24347.73,2,1,116.3007274625
3,10,875.56,0,0,1,24743.19,1,1,85.3339761875
2,5,633.56,1,1,1,28722.73,0,0,69.220146475
1,7,691.1,1,1,0,25467.6,1,1,106.93954835
2,5,806.86,0,1,0,25091.68,3,1,100.0521084375
1,5,853.32,1,1,1,42468.81,2,1,121.1548486
2,2,700.66,0,1,0,20510.12,0,1,69.2134735625
2,4,984.69,0,0,0,37668.45,0,1,49.1077507875
3,6,679.75,1,0,0,14771.53,3,1,110.889598875
1,6,865.22,1,1,1,15528.65,0,0,73.06082385
1,4,840.52,0,0,0,41247.78,2,1,80.347591425
1,4,613.78,0,1,0,27295.77,2,1,79.70990395
3,3,905.05,1,0,1,45935.96,1,1,98.373816675
2,7,1047.0,0,1,1,3359.25,0,1,70.39003365
1,2,1091.52,0,0,0,38467.38,2,1,74.98964055
1,6,558.97,0,1,1,26922.51,2,1,108.40142335
1,6,1119.47,0,1,1,16472.94,1,1,89.8940489125
0,2,573.02,0,1,0,26570.86,1,1,67.6385122125
0,4,1109.07,0,1,0,27082.45,2,1,97.48583285
1,6,849.33,0,0,1,21189.48,3,0,60.906467875
2,6,799.96,1,1,1,32253.73,1,1,100.7463725375
3,5,777.46,1,1,0,20678.7,1,0,56.52714705
2,2,984.38,0,1,0,30375.05,2,0,63.22323405
2,4,888.96,0,1,0,22313.49,0,1,79.37936405
1,6,847.09,0,1,1,30523.26,2,0,65.7747458875
3,7,579.13,0,1,1,18816.96,2,0,73.499145825
2,4,768.52,1,0,0,12245.13,0,1,74.3206209
1,5,862.96,0,1,1,30335.85,0,0,29.385986075
2,5,648.93,0,1,0,25351.52,1,1,91.56683335
3,5,894.94,0,1,1,44634.72,0,1,79.5162146625
2,5,961.45,1,1,0,13474.32,0,0,53.4571739875
3,6,877.3,1,1,0,21952.31,2,1,101.3281846
2,1,834.1,0,1,0,20873.18,0,1,53.6032864875
1,5,680.21,0,1,0,30484.49,0,1,61.89754395
3,6,785.44,1,1,0,33992.03,0,0,63.773449175
3,6,844.47,0,1,0,18796.71,0,1,56.304617725
0,5,715.93,0,1,1,20897.96,1,1,80.9929357625
3,1,741.72,0,0,0,30486.35,3,0,67.5642670375
1,6,1056.3,0,1,0,33057.16,2,1,81.3747097875
2,2,775.24,1,0,0,34972.12,1,1,79.412350325
3,6,681.24,0,1,1,16854.39,1,0,48.4492283125
3,7,944.98,1,1,1,23591.03,1,1,100.681037425
2,4,1128.0,0,1,1,37439.39,1,1,80.5180667625
2,6,809.14,0,1,0,11989.09,1,1,71.8283614125
2,7,847.06,1,1,0,31317.85,1,0,80.64771475
2,2,924.05,1,0,0,37.78,0,1,83.6841471
0,4,638.7,0,0,1,22741.98,1,1,75.820592525
3,3,677.62,1,1,0,16189.31,2,0,87.8472969875
1,6,789.43,0,1,1,45243.6,0,1,86.7280808875
1,6,1113.17,0,1,0,22116.9,2,0,50.5103737875
2,2,745.55,0,0,1,14794.44,0,1,51.1044116
3,4,485.29,1,0,0,25695.76,1,0,55.864073775
2,6,968.84,0,1,1,9788.09,1,1,96.0462585
1,6,866.08,1,1,0,12959.37,1,1,97.6904891625
3,10,496.23,0,1,0,15633.05,1,0,56.88115505
1,8,666.17,0,1,1,50110.52,2,1,92.7974768875
2,5,503.2,1,1,0,21514.42,2,1,112.828808
1,2,845.99,0,1,0,18394.7,0,1,71.379984825
2,6,756.78,1,0,0,25382.09,0,0,40.4947097375
2,4,693.64,1,1,0,22786.52,1,1,102.682978675
3,6,1005.53,1,1,0,28894.24,3,1,114.65186045
3,4,882.3,1,1,1,22055.03,0,1,103.2131222125
2,3,876.92,0,1,0,35764.37,1,1,72.68567255
1,6,701.75,0,1,0,17440.23,0,0,36.1547041
3,4,784.66,1,1,0,22990.62,1,0,51.68164965
2,3,808.05,0,1,1,11855.19,0,1,62.9285134875
2,3,653.71,1,1,0,32657.08,0,0,60.7623647625
3,1,593.11,1,0,0,36125.38,0,0,51.5228988125
2,6,503.58,0,1,0,25547.56,3,0,63.64617795
3,10,885.17,1,1,0,40972.21,1,0,63.23980465
2,4,724.91,0,0,1,15450.67,0,1,66.5164512625
3,6,510.57,0,1,1,25751.31,2,0,68.1792397625
1,4,739.46,1,1,0,37974.81,3,0,98.2057665625
2,5,659.68,0,0,1,27161.28,1,1,73.44826945
0,4,591.84,0,1,0,26173.34,1,0,38.17110375
4,7,877.12,0,1,0,38695.89,1,0,42.837617625
3,4,854.5,0,1,1,-1177.42,2,1,86.8169801375
2,6,824.3,0,1,0,33636.63,1,1,86.5543742
2,6,862.32,1,0,0,36173.24,1,1,95.62719315
0,7,775.05,1,0,1,19339.03,1,0,74.2758803875
3,5,717.65,1,1,0,35729.31,0,0,52.0374107375
1,-1,803.67,0,1,1,25087.46,0,1,60.57518925
4,3,812.58,0,1,1,28523.47,0,1,65.398756025
2,1,1010.53,1,0,0,22346.64,2,0,70.879127325
2,6,657.46,0,0,0,40556.07,3,1,90.7167551375
4,4,813.22,0,1,1,17441.35,0,1,66.9756017625
2,4,749.95,0,1,0,48985.24,2,0,59.2928025125
1,7,867.51,0,1,0,34397.74,1,1,81.8363889875
3,4,603.76,0,0,1,27143.19,0,1,54.706831975
2,4,780.69,1,1,0,13472.99,2,1,115.209464625
1,7,889.51,0,1,1,42581.85,2,1,96.416460625
4,6,956.65,1,0,1,22290.71,1,1,89.2395784125
3,3,767.03,0,1,1,13983.43,0,1,83.86139115
3,6,844.71,1,1,1,31825.02,1,1,102.261387825
1,5,1047.23,0,1,0,22144.56,0,1,63.5224144875
2,6,665.98,0,0,0,20282.97,0,1,56.546067325
2,8,761.85,0,1,1,7716.81,3,1,100.0444084375
2,4,923.94,0,1,0,35159.91,2,0,61.0504568
3,6,832.32,1,1,1,18419.07,0,0,59.3784182
3,8,946.75,0,1,0,15911.63,1,1,91.1911409125
4,6,838.62,0,1,0,31661.56,0,0,33.47224395
3,4,895.81,0,1,0,21977.73,2,1,99.6195478375
4,4,996.57,0,0,0,26294.83,0,1,47.077890775
4,5,657.8,1,0,1,27780.65,1,0,61.1670634625
2,9,990.99,1,1,0,22734.82,2,0,86.29891695
2,4,599.81,0,0,0,13762.18,1,0,33.03623045
0,8,811.26,0,1,0,20312.57,1,1,92.7268617125
1,3,991.18,1,1,0,6049.17,0,0,57.280381125
2,10,858.17,1,0,0,13232.88,1,0,54.8574595125
1,9,873.78,0,0,0,12998.57,0,0,32.76686675
3,5,801.2,0,0,1,37571.74,0,0,43.193554975
2,5,802.11,0,1,0,10244.49,2,1,89.0568425875
1,4,663.42,1,0,1,51774.67,2,1,111.8130118125
2,6,748.92,0,0,1,16826.39,1,1,78.0982307625
2,4,759.56,0,1,1,17279.51,1,1,83.5539001625
2,5,975.06,0,1,1,14725.77,0,0,51.40237565
0,10,659.02,0,0,0,9712.83,0,1,51.0950353875
3,5,802.68,0,0,0,27474.05,1,1,61.3294309
2,5,641.03,0,1,0,24266.75,0,1,62.94658165
3,5,901.75,1,0,0,33231.86,1,0,63.7149334
4,5,599.01,0,0,0,28939.04,2,0,54.01696045
1,3,878.66,0,1,0,36984.67,0,0,34.1432525125
0,7,937.42,1,0,1,17018.37,0,1,88.3233621625
3,7,669.21,0,0,0,7597.14,2,1,90.1176428875
2,1,901.34,0,1,0,39718.99,1,0,37.9049832125
2,6,828.78,0,1,0,16265.12,1,1,76.6793538
1,2,972.73,1,0,1,28861.85,0,1,85.1013903625
2,3,693.11,0,1,0,25254.15,2,0,60.2450661875
2,6,881.52,0,1,1,20805.04,1,1,77.744765775
1,4,747.96,0,0,0,32192.83,1,0,26.1446882
1,5,781.8,1,1,0,5681.86,0,0,41.218957425
1,4,897.21,0,0,0,32319.97,2,1,68.8666153875
1,4,926.78,0,1,1,33504.17,0,1,77.07428135
3,3,901.47,1,1,1,19740.48,1,1,90.0884849
2,5,838.58,0,1,1,25174.6,0,1,80.4098451625
2,7,801.08,0,1,0,25772.23,3,1,92.4095698
4,3,770.08,0,1,0,22386.58,2,1,89.2603220875
1,7,744.79,1,0,1,21717.13,2,1,92.58178075
5,6,862.18,1,1,1,42080.48,0,1,109.164388525
2,1,594.97,0,0,0,19945.75,1,1,54.0070621
2,6,581.92,1,1,1,31671.12,0,1,87.69825195
3,5,828.86,0,1,1,32097.76,0,0,53.73234135
1,4,664.27,0,1,0,37591.87,2,1,95.0481052375
3,5,980.25,0,1,1,9111.69,2,0,55.280664925
3,3,733.35,1,1,0,23763.85,0,1,89.2781212375
1,4,793.23,0,0,0,32791.1,0,0,19.100812425
2,-1,594.82,0,1,0,34875.33,1,1,69.8372944
3,6,882.81,0,1,0,13983.82,1,1,69.89146645
1,5,993.6,0,1,0,18839.05,0,1,61.4084736
4,0,856.25,1,0,0,24394.06,2,1,88.5028569125
3,8,947.1,1,1,0,33000.41,1,0,65.6864058875
1,5,755.23,0,1,0,27605.69,1,0,55.326848775
1,4,952.53,0,1,1,21533.11,1,1,75.0788101
0,3,906.35,0,1,0,13662.8,2,0,56.4279793875
2,2,516.37,0,1,0,20040.11,2,0,66.3583386125
4,3,906.07,1,1,0,31143.81,0,0,43.836113725
1,2,828.02,0,1,1,32351.24,0,1,70.969886925
2,2,1000.18,0,1,1,19160.32,2,1,103.9414997125
3,1,940.05,0,1,1,24975.39,2,0,73.5316650875
3,3,802.81,0,0,0,25520.17,2,1,67.630147575
3,0,1175.71,1,1,1,40163.85,0,1,106.3271782
3,3,918.63,0,1,1,16998.43,3,0,64.5171467
1,5,587.69,0,1,0,20956.92,1,0,45.128771775
2,4,949.02,1,1,1,15645.13,2,1,113.5513964625
3,5,912.62,1,1,0,19487.56,2,1,118.5155517125
1,5,567.83,1,1,0,34357.78,1,0,52.0107896625
3,5,852.77,1,0,0,42164.38,1,0,53.5667342875
3,5,808.27,0,1,1,42973.79,3,1,109.0438869125
2,5,630.08,1,1,0,22784.23,0,1,76.1535498
2,5,1113.18,0,1,1,27659.79,3,0,75.16545765
3,5,785.79,1,1,1,33916.8,0,1,86.437002825
1,2,854.04,1,1,1,8560.56,0,0,48.400322175
1,5,667.43,0,1,0,16639.28,1,1,81.4810717625
0,7,478.33,0,1,1,19062.14,0,1,62.795296325
2,5,701.43,1,1,1,12857.82,0,0,45.8719525125
2,5,1000.44,0,1,0,28649.43,1,0,35.7131591625
3,4,887.57,0,1,0,23856.6,0,1,75.22248015
2,6,637.27,0,0,0,28094.45,0,1,60.7419315125
3,4,733.62,0,1,1,30381.49,2,1,93.6422882875
3,5,761.19,0,0,1,33356.46,2,0,67.1992190125
2,7,840.13,0,1,1,35397.42,2,1,95.1580301875
2,5,739.0,1,0,1,23731.51,0,0,46.0326277875
2,6,488.35,0,0,1,12436.41,1,1,72.5320197375
0,3,1024.82,0,1,1,28876.67,1,1,76.721280275
2,6,965.2,0,1,0,33363.39,1,1,93.2262204
0,5,968.65,1,1,1,47904.37,3,1,136.845268125
3,6,838.25,0,1,1,22592.39,0,1,81.4063212875
1,3,610.17,0,1,0,28660.04,1,1,66.219070875
3,7,532.29,0,1,1,20281.78,0,0,42.4332716
1,6,984.05,1,0,1,9627.81,1,0,70.6859277625
3,4,873.78,0,1,1,5565.5,0,0,37.4990295875
2,4,777.78,0,1,0,25425.08,2,1,84.95838305
2,6,705.26,1,1,0,22377.23,2,1,100.5575320625
3,3,647.53,0,1,1,33074.14,3,0,65.9093886125
2,3,952.8,0,1,1,39609.7,2,1,107.0289287625
1,6,622.23,1,1,0,27623.69,0,1,85.1078588125
1,7,970.66,0,1,1,26338.22,3,1,100.270547875
0,6,918.08,0,1,0,19449.26,0,0,28.2287154125
1,1,808.88,1,0,0,19741.17,2,1,101.7178484625
2,4,755.45,0,0,1,31312.08,2,0,66.45706055
2,8,626.27,0,1,0,4577.68,3,0,66.6575663125
2,5,563.0,0,0,0,34857.7,1,1,62.6949008375
0,6,817.24,1,1,0,23889.94,2,1,114.141541975
1,6,896.96,0,1,1,11184.97,1,1,88.5073664
3,7,874.27,0,1,0,31211.12,0,1,80.312281175
2,6,1034.24,1,1,1,7775.47,1,1,102.9695889125
1,5,898.03,1,1,0,11325.19,3,1,128.81574475
1,6,880.51,1,1,1,32511.01,2,1,123.4817204625
1,4,905.65,0,1,0,56355.95,2,0,72.124785775
3,5,646.24,1,1,1,19332.0,3,0,106.1784113875
3,7,673.25,0,0,0,20910.94,2,1,77.48351465
1,6,702.43,1,0,0,24957.63,2,1,109.3318925875
2,5,778.53,0,1,0,28011.26,0,1,58.9607433625
3,2,603.58,0,1,0,28243.32,0,0,28.0739897
3,1,1077.31,0,1,1,8382.92,1,1,81.2135657125
0,5,868.31,1,0,0,31608.86,0,0,33.9614248625
2,9,746.65,0,1,1,23299.5,2,1,102.6053289125
0,6,925.72,0,1,0,30721.85,0,0,43.5176380375
2,9,674.48,1,1,1,27319.21,2,1,113.2341459
2,6,905.64,1,1,0,28407.03,0,1,80.1550589375
0,5,999.06,0,1,0,30210.45,1,1,91.6136033
3,4,854.33,0,1,0,18918.92,3,1,98.4306371125
2,5,813.5,0,1,0,33164.3,1,1,74.5674125375
3,4,505.88,0,0,1,24826.06,3,0,77.60055405
2,4,761.86,0,1,1,7353.41,0,0,45.6187773875
2,2,767.74,1,1,0,17477.31,3,0,89.5039045
2,1,752.08,1,1,0,30477.09,1,0,68.3134603875
2,7,1025.06,1,0,1,17823.67,1,0,76.137934025
3,6,753.75,1,1,1,11728.32,4,1,137.874263625
1,5,861.68,1,1,0,35897.48,1,0,68.0280294
1,3,811.09,0,1,1,36398.05,1,0,65.3544394625
2,6,901.94,1,1,1,33624.6,2,0,86.019849675
2,9,983.6,1,1,0,26546.3,2,0,74.76768125
0,7,926.45,1,0,1,27785.45,2,1,96.7563265875
2,3,513.97,1,0,0,24447.93,2,0,60.2881069375
2,6,742.55,1,1,1,25114.88,1,0,74.990953675
3,6,767.65,0,1,0,35282.36,2,0,65.5377047875
3,5,711.94,0,1,0,18470.96,1,1,89.6127754125
3,6,847.1,1,1,0,32952.39,0,1,86.644830625
3,5,698.63,0,1,1,26337.36,1,1,91.40087495
4,4,729.31,0,1,1,10395.27,0,0,38.2499461375
1,5,1023.66,0,1,0,12826.64,1,1,90.1936703625
1,3,802.89,1,1,0,21307.33,1,1,95.73489225
1,8,841.62,1,1,0,23764.01,2,0,75.4729222125
2,5,879.25,0,0,1,12596.85,0,0,34.0989234875
2,5,367.73,0,0,0,14814.95,0,0,10.9814812125
2,3,457.71,0,1,0,10398.38,2,0,57.09947695
3,4,1025.59,0,1,1,41559.87,0,0,34.07177165
2,2,639.22,0,1,0,29826.67,1,1,70.011751775
3,5,912.02,1,1,0,33736.56,0,0,44.1280562625
3,6,1112.99,0,1,1,15430.48,0,0,55.81998475
0,10,1019.64,0,1,0,6031.98,2,1,102.4612165625
2,0,708.78,0,1,1,24223.22,2,1,86.6347623375
2,4,841.29,1,1,0,6165.27,2,0,68.3418762875
2,4,758.89,1,1,0,12919.84,1,0,72.0269302
1,5,668.13,1,1,0,15481.44,1,1,82.2973965375
4,5,470.52,0,1,0,22726.77,2,1,83.8913172625
2,4,953.72,0,1,0,27690.35,1,1,69.4597598125
3,0,772.57,1,1,1,12317.68,0,1,102.0404748625
2,6,780.34,0,1,1,41016.55,1,0,51.4889161125
3,8,1024.32,0,1,0,29350.88,2,1,95.009371325
1,4,1025.35,1,1,1,12059.17,1,0,84.429523525
0,5,795.34,1,1,0,22724.75,2,0,84.7817479875
2,5,945.22,1,1,1,13217.15,2,1,101.8960969125
1,4,912.46,1,1,0,26579.64,2,1,122.0214404
2,7,697.37,0,1,1,18812.34,1,1,79.3557454
2,8,983.43,0,0,1,22657.68,4,0,66.1402478125
2,2,819.78,1,1,0,21991.53,0,1,79.6105536625
2,5,678.51,0,1,1,14150.45,1,0,49.42541665
2,3,527.7,0,1,0,43204.74,1,1,71.875467175
2,9,863.06,1,1,1,22622.14,1,1,101.6228537625
3,5,692.49,1,1,1,39477.18,1,0,86.2628293125
2,5,670.01,1,1,1,36959.48,1,0,67.378820625
3,7,710.0,1,1,1,19662.06,0,0,68.48223985
2,5,954.01,0,0,1,27990.39,0,0,33.7824117875
2,6,631.54,0,1,1,32046.17,2,1,102.6964769625
2,6,783.75,1,1,1,8970.35,0,1,96.00571945
0,7,602.31,0,0,1,9072.79,1,0,52.3055412375
3,0,1060.11,0,1,1,33817.84,1,1,82.02105475
2,2,762.18,1,1,0,35141.26,2,1,98.2897378875
3,8,824.74,1,1,1,23400.22,1,0,85.3035292625
3,4,615.35,0,1,0,33954.6,2,1,90.7462891875
2,6,996.64,0,0,0,21220.11,0,1,61.894208875
2,3,903.62,1,1,1,38243.86,0,1,99.1677889
2,5,686.9,1,1,0,29489.46,2,1,117.2026432875
2,4,976.34,0,0,0,3507.86,1,1,59.72018485
2,7,729.12,0,1,0,29066.2,0,1,81.9018954
3,3,829.61,0,1,0,29728.82,1,1,71.0115128875
1,8,909.63,1,1,1,10084.09,1,1,106.6803337
2,8,748.83,0,0,0,12819.36,2,0,41.181915575
2,2,1025.77,0,1,1,24293.56,2,0,59.5853763375
4,7,1049.08,1,1,0,33978.15,0,1,99.5165079625
2,7,818.59,1,0,0,32710.94,0,1,67.7662405
1,7,998.02,1,1,0,11903.62,2,1,101.7953399875
0,5,787.6,0,1,0,26472.36,2,1,82.3837775875
3,4,671.4,0,1,1,30461.42,0,0,39.182752425
2,4,925.83,0,1,0,36063.58,2,0,59.3369037375
2,4,721.09,0,1,0,37586.7,1,0,59.762974475
3,5,621.65,0,1,0,36867.11,1,1,86.0190170375
3,5,904.32,0,1,1,22728.0,1,0,67.262901375
2,3,734.66,0,1,0,15053.63,1,1,64.7469655875
1,5,652.64,1,1,1,35364.15,1,1,98.0291137375
3,4,944.11,1,1,0,33446.94,1,1,112.3224282
1,6,678.34,0,0,1,39175.03,0,1,76.9352444875
2,7,666.42,0,1,1,13412.74,0,0,41.5699272125
1,4,602.24,1,1,0,43077.89,1,1,90.2019550875
3,4,872.51,0,1,1,13887.45,0,1,61.9805357125
2,6,816.3,0,1,1,39795.94,1,0,66.0565133625
3,0,991.31,0,1,0,12687.26,1,1,81.9837639
2,5,847.97,0,1,0,39502.92,0,0,44.30908665
2,4,660.94,1,0,0,10145.17,0,1,71.0825686875
1,1,814.75,0,1,1,15535.05,0,1,81.6779142
1,6,835.43,0,0,0,22204.0,0,1,67.225125575
